{"apple+apple": 2.7478475588260665e-06, "apple+iphone": 0.09710853291781474, "apple+orange": 0.13546988317436093, "apple+windows": 0.15152082325538863, "apple+microsoft": 0.1516110925661902, "apple+bat": 0.17500938719289616, "apple+baseball": 0.20159797051539985, "apple+animal": 0.1758353380538279, "apple+mouse": 0.17709265598143087, "apple+computer": 0.14668018896470325, "iphone+apple": 0.09710853291781474, "iphone+iphone": -4.440892098500626e-16, "iphone+orange": 0.16894816518240874, "iphone+windows": 0.14948841182421113, "iphone+microsoft": 0.19173441678858438, "iphone+bat": 0.18580459994338594, "iphone+baseball": 0.2174504095155929, "iphone+animal": 0.18826470913302973, "iphone+mouse": 0.16943949179094264, "iphone+computer": 0.14575230857115617, "orange+apple": 0.13546988317436093, "orange+iphone": 0.16894816518240874, "orange+orange": 0.0, "orange+windows": 0.20723263108892465, "orange+microsoft": 0.22030316022322027, "orange+bat": 0.19831341234630184, "orange+baseball": 0.22672118156477739, "orange+animal": 0.19819923654234373, "orange+mouse": 0.19795291282532945, "orange+computer": 0.20898148827064644, "windows+apple": 0.15152082325538863, "windows+iphone": 0.14948841182421113, "windows+orange": 0.20723263108892465, "windows+windows": -8.881784197001252e-16, "windows+microsoft": 0.13871521079434834, "windows+bat": 0.1803679605593309, "windows+baseball": 0.21454934171323303, "windows+animal": 0.20084479776041464, "windows+mouse": 0.1511673435901958, "windows+computer": 0.10929912854573909, "microsoft+apple": 0.1516110925661902, "microsoft+iphone": 0.19173441678858438, "microsoft+orange": 0.22030316022322027, "microsoft+windows": 0.13871521079434834, "microsoft+microsoft": 5.551115123125783e-16, "microsoft+bat": 0.20912958185771613, "microsoft+baseball": 0.2122407226351789, "microsoft+animal": 0.24379076930410393, "microsoft+mouse": 0.19857902506385283, "microsoft+computer": 0.17316909760420218, "bat+apple": 0.17500938719289616, "bat+iphone": 0.18580459994338594, "bat+orange": 0.19831341234630184, "bat+windows": 0.1803679605593309, "bat+microsoft": 0.20912958185771613, "bat+bat": 5.551115123125783e-16, "bat+baseball": 0.17562442425642055, "bat+animal": 0.17617690948374765, "bat+mouse": 0.1723704044084181, "bat+computer": 0.185699910601684, "baseball+apple": 0.20159797051539985, "baseball+iphone": 0.2174504095155929, "baseball+orange": 0.22672118156477739, "baseball+windows": 0.21454934171323303, "baseball+microsoft": 0.2122407226351789, "baseball+bat": 0.17562442425642055, "baseball+baseball": 2.220446049250313e-15, "baseball+animal": 0.22163250911355115, "baseball+mouse": 0.2173976513926219, "baseball+computer": 0.21045506644144152, "animal+apple": 0.1756894088567008, "animal+iphone": 0.18826470913302973, "animal+orange": 0.19819923654234373, "animal+windows": 0.20084479776041464, "animal+microsoft": 0.24379076930410393, "animal+bat": 0.17617690948374765, "animal+baseball": 0.22163250911355115, "animal+animal": 1.1102230246251565e-15, "animal+mouse": 0.15464785591614783, "animal+computer": 0.1766411855636396, "mouse+apple": 0.17709265598143087, "mouse+iphone": 0.16943949179094264, "mouse+orange": 0.19795291282532945, "mouse+windows": 0.1511673435901958, "mouse+microsoft": 0.19857902506385283, "mouse+bat": 0.1723704044084181, "mouse+baseball": 0.2173976513926219, "mouse+animal": 0.15464785591614783, "mouse+mouse": 8.881784197001252e-16, "mouse+computer": 0.14086589924055515, "computer+apple": 0.14668018896470325, "computer+iphone": 0.14575230857115617, "computer+orange": 0.20898148827064644, "computer+windows": 0.10929912854573909, "computer+microsoft": 0.17316909760420218, "computer+bat": 0.185699910601684, "computer+baseball": 0.21045506644144152, "computer+animal": 0.1766411855636396, "computer+mouse": 0.14086589924055515, "computer+computer": 0.0}